m0_mark_price,m0_oracle_price,m0_market_index,m0_base_asset_amount_long,m0_base_asset_amount_short,m0_base_asset_amount,m0_total_base_asset_amount,m0_open_interest,m0_total_exchange_fees,m0_total_mm_fees,m0_margin_ratio_initial,m0_margin_ratio_maintenance,m0_margin_ratio_partial,m0_base_asset_reserve,m0_quote_asset_reserve,m0_funding_period,m0_sqrt_k,m0_peg_multiplier,m0_last_funding_rate,m0_last_funding_rate_ts,m0_cumulative_funding_rate_long,m0_cumulative_funding_rate_short,m0_last_oracle_price,m0_last_oracle_conf,m0_last_oracle_normalised_price,m0_last_oracle_price_twap,m0_last_oracle_price_twap_ts,m0_last_mark_price_twap,m0_last_bid_price_twap,m0_last_ask_price_twap,m0_last_mark_price_twap_ts,m0_net_base_asset_amount,m0_base_spread,m0_mark_std,m0_buy_intensity,m0_sell_intensity,m0_last_spread,m0_bid_price_before,m0_ask_price_before,m0_total_fee,m0_total_fee_minus_distributions,m0_strategies,m0_minimum_quote_asset_trade_size,timestamp,u0_collateral,u0_free_collateral,u0_margin_ratio,u0_total_position_value,u0_total_fee_paid,u0_total_fee_rebate,u0_open_orders,u0_cumulative_deposits,u0_total_collateral,u0_m0_base_asset_amount,u0_m0_quote_asset_amount,u0_m0_last_cumulative_funding_rate,u0_m0_last_funding_rate_ts,u0_m0_upnl,u0_m0_ufunding
4.496,4.496235768028057,0,0.0,0.0,0.0,0,0,0.0,0,1000,625,500,10000000000000.0,10000000000000.0,60,10000000000000.0,4496,0.0,0,0.0,0.0,4.496235768028057,0,4.496235768028057,4.496235768028057,0,4.496,4.496,4.496,0,0.0,0,0.0,0,0,0,4.496,4.496,0.0,0.0,,10000000,0,,,,,,,,,,,,,,,
4.496,4.496235768028057,0,0.0,0.0,0.0,0,0,0.0,0,1000,625,500,10000000000000.0,10000000000000.0,60,10000000000000.0,4496,0.0,0,0.0,0.0,4.496235768028057,0,4.496235768028057,4.496235768028057,0,4.496,4.496,4.496,0,0.0,0,0.0,0,0,0,4.496,4.496,0.0,0.0,,10000000,1,1000000000.0,1000000000.0,,0.0,0.0,0.0,0.0,1000000000.0,1000000000.0,,,,,,
4.23298148911944,4.1910704555876865,0,0.0,-305995930323.58203,-305995930323.58203,0,1,1334.91,0,1000,625,500,10305995930323.582,9703089412811.389,60,10000000000000.0,4496,0.0,0,0.0,0.0,4.1910704555876865,0,4.496235768028057,4.496235768028057,2,4.496,4.496,4.496,2,-305995930323.58203,0,0.2630185108805607,0,0,0,4.496,4.496,1334.91,1334.91,,10000000,2,999998665.09,999985314.89,7491.0756007101745,133491.99999999965,1334.91,0.0,0.0,1000000000.0,999998664.09,-305995930323.58203,133491.0,0.0,0.0,-0.999999999650754,-0.0
3.5123849011621457,3.477607525970603,0,0.0,-1313893869334.086,-1313893869334.086,0,1,5221.25,0,1000,625,500,11313893869334.086,8838689946619.219,60,10000000000000.0,4496,0.0,0,0.0,0.0,3.477607525970603,0,4.496235768028057,4.491149679487384,3,4.49161635815199,4.4959999999999996,4.4959999999999996,3,-1313893869334.086,0,0.9836150988378547,0,0,0,4.23298148911944,4.23298148911944,5221.25,5221.25,,10000000,3,999994778.75,999942565.15,1915.2365094823886,522125.9999999992,5221.25,0.0,0.0,1000000000.0,999994777.75,-1313893869334.086,522125.0,0.0,0.0,-0.9999999991850927,-0.0
3.5123849011621457,3.477607525970603,0,0.0,-1313893869334.086,-1313893869334.086,0,1,5221.25,0,1000,625,500,11313893869334.086,8838689946619.219,60,10000000000000.0,4496,0.0,0,0.0,0.0,3.477607525970603,0,4.496235768028057,4.491149679487384,3,4.49161635815199,4.4959999999999996,4.4959999999999996,3,-1313893869334.086,0,0.9836150988378547,0,0,0,4.23298148911944,4.23298148911944,5221.25,5221.25,,10000000,4,999994778.75,999942565.15,1915.2365094823886,522125.9999999992,5221.25,0.0,0.0,1000000000.0,999994777.75,-1313893869334.086,522125.0,0.0,0.0,-0.9999999991850927,-0.0
3.5123849011621457,3.477607525970603,0,0.0,-1313893869334.086,-1313893869334.086,0,1,5221.25,0,1000,625,500,11313893869334.086,8838689946619.219,60,10000000000000.0,4496,0.0,0,0.0,0.0,3.477607525970603,0,4.496235768028057,4.491149679487384,3,4.49161635815199,4.4959999999999996,4.4959999999999996,3,-1313893869334.086,0,0.9836150988378547,0,0,0,4.23298148911944,4.23298148911944,5221.25,5221.25,,10000000,5,999994778.75,999942565.15,1915.2365094823886,522125.9999999992,5221.25,0.0,0.0,1000000000.0,999994777.75,-1313893869334.086,522125.0,0.0,0.0,-0.9999999991850927,-0.0
3.5123849011621457,3.477607525970603,0,0.0,-1313893869334.086,-1313893869334.086,0,1,5221.25,0,1000,625,500,11313893869334.086,8838689946619.219,60,10000000000000.0,4496,0.0,0,0.0,0.0,3.477607525970603,0,4.496235768028057,4.491149679487384,3,4.49161635815199,4.4959999999999996,4.4959999999999996,3,-1313893869334.086,0,0.9836150988378547,0,0,0,4.23298148911944,4.23298148911944,5221.25,5221.25,,10000000,6,999994778.75,999942565.15,1915.2365094823886,522125.9999999992,5221.25,0.0,0.0,1000000000.0,999994777.75,-1313893869334.086,522125.0,0.0,0.0,-0.9999999991850927,-0.0
3.5123849011621457,3.477607525970603,0,0.0,-1313893869334.086,-1313893869334.086,0,1,5221.25,0,1000,625,500,11313893869334.086,8838689946619.219,60,10000000000000.0,4496,0.0,0,0.0,0.0,3.477607525970603,0,4.496235768028057,4.491149679487384,3,4.49161635815199,4.4959999999999996,4.4959999999999996,3,-1313893869334.086,0,0.9836150988378547,0,0,0,4.23298148911944,4.23298148911944,5221.25,5221.25,,10000000,7,999994778.75,999942565.15,1915.2365094823886,522125.9999999992,5221.25,0.0,0.0,1000000000.0,999994777.75,-1313893869334.086,522125.0,0.0,0.0,-0.9999999991850927,-0.0
3.5123849011621457,3.477607525970603,0,0.0,-1313893869334.086,-1313893869334.086,0,1,5221.25,0,1000,625,500,11313893869334.086,8838689946619.219,60,10000000000000.0,4496,0.0,0,0.0,0.0,3.477607525970603,0,4.496235768028057,4.491149679487384,3,4.49161635815199,4.4959999999999996,4.4959999999999996,3,-1313893869334.086,0,0.9836150988378547,0,0,0,4.23298148911944,4.23298148911944,5221.25,5221.25,,10000000,8,999994778.75,999942565.15,1915.2365094823886,522125.9999999992,5221.25,0.0,0.0,1000000000.0,999994777.75,-1313893869334.086,522125.0,0.0,0.0,-0.9999999991850927,-0.0
4.081319947959297,4.122547130926778,0,0.0,-495734357072.07227,-495734357072.07227,0,1,8318.95,0,1000,625,500,10495734357072.072,9527680160142.35,60,10000000000000.0,4496,0.0,0,0.0,0.0,4.122547130926778,0,4.496235768028057,4.389795464135705,9,4.393693212453005,4.469698148911943,4.469698148911943,9,-495734357072.07227,0,1.5525501456350064,0,0,0,3.5123849011621457,3.5123849011621457,8318.95,8318.95,,10000000,9,1000007037.4131789,999970444.4499999,4709.034263453831,212355.99999999962,8318.95,0.0,0.0,1000000000.0,999991680.05,-495734357072.07227,196998.63682097843,0.0,0.0,-15357.363179021195,-0.0
4.081319947959297,4.122547130926778,0,0.0,-495734357072.07227,-495734357072.07227,0,1,8318.95,0,1000,625,500,10495734357072.072,9527680160142.35,60,10000000000000.0,4496,0.0,0,0.0,0.0,4.122547130926778,0,4.496235768028057,4.389795464135705,9,4.393693212453005,4.469698148911943,4.469698148911943,9,-495734357072.07227,0,1.5525501456350064,0,0,0,3.5123849011621457,3.5123849011621457,8318.95,8318.95,,10000000,10,1000007037.4131789,999970444.4499999,4709.034263453831,212355.99999999962,8318.95,0.0,0.0,1000000000.0,999991680.05,-495734357072.07227,196998.63682097843,0.0,0.0,-15357.363179021195,-0.0
4.081319947959297,4.122547130926778,0,0.0,-495734357072.07227,-495734357072.07227,0,1,8318.95,0,1000,625,500,10495734357072.072,9527680160142.35,60,10000000000000.0,4496,0.0,0,0.0,0.0,4.122547130926778,0,4.496235768028057,4.389795464135705,9,4.393693212453005,4.469698148911943,4.469698148911943,9,-495734357072.07227,0,1.5525501456350064,0,0,0,3.5123849011621457,3.5123849011621457,8318.95,8318.95,,10000000,11,1000007037.4131789,999970444.4499999,4709.034263453831,212355.99999999962,8318.95,0.0,0.0,1000000000.0,999991680.05,-495734357072.07227,196998.63682097843,0.0,0.0,-15357.363179021195,-0.0
4.081319947959297,4.122547130926778,0,0.0,-495734357072.07227,-495734357072.07227,0,1,8318.95,0,1000,625,500,10495734357072.072,9527680160142.35,60,10000000000000.0,4496,0.0,0,0.0,0.0,4.122547130926778,0,4.496235768028057,4.389795464135705,9,4.393693212453005,4.469698148911943,4.469698148911943,9,-495734357072.07227,0,1.5525501456350064,0,0,0,3.5123849011621457,3.5123849011621457,8318.95,8318.95,,10000000,12,1000007037.4131789,999970444.4499999,4709.034263453831,212355.99999999962,8318.95,0.0,0.0,1000000000.0,999991680.05,-495734357072.07227,196998.63682097843,0.0,0.0,-15357.363179021195,-0.0
4.081319947959297,4.122547130926778,0,0.0,-495734357072.07227,-495734357072.07227,0,1,8318.95,0,1000,625,500,10495734357072.072,9527680160142.35,60,10000000000000.0,4496,0.0,0,0.0,0.0,4.122547130926778,0,4.496235768028057,4.389795464135705,9,4.393693212453005,4.469698148911943,4.469698148911943,9,-495734357072.07227,0,1.5525501456350064,0,0,0,3.5123849011621457,3.5123849011621457,8318.95,8318.95,,10000000,13,1000007037.4131789,999970444.4499999,4709.034263453831,212355.99999999962,8318.95,0.0,0.0,1000000000.0,999991680.05,-495734357072.07227,196998.63682097843,0.0,0.0,-15357.363179021195,-0.0
4.081319947959297,4.122547130926778,0,0.0,-495734357072.07227,-495734357072.07227,0,1,8318.95,0,1000,625,500,10495734357072.072,9527680160142.35,60,10000000000000.0,4496,0.0,0,0.0,0.0,4.122547130926778,0,4.496235768028057,4.389795464135705,9,4.393693212453005,4.469698148911943,4.469698148911943,9,-495734357072.07227,0,1.5525501456350064,0,0,0,3.5123849011621457,3.5123849011621457,8318.95,8318.95,,10000000,14,1000007037.4131789,999970444.4499999,4709.034263453831,212355.99999999962,8318.95,0.0,0.0,1000000000.0,999991680.05,-495734357072.07227,196998.63682097843,0.0,0.0,-15357.363179021195,-0.0
4.081319947959297,4.122547130926778,0,0.0,-495734357072.07227,-495734357072.07227,0,1,8318.95,0,1000,625,500,10495734357072.072,9527680160142.35,60,10000000000000.0,4496,0.0,0,0.0,0.0,4.122547130926778,0,4.496235768028057,4.389795464135705,9,4.393693212453005,4.469698148911943,4.469698148911943,9,-495734357072.07227,0,1.5525501456350064,0,0,0,3.5123849011621457,3.5123849011621457,8318.95,8318.95,,10000000,15,1000007037.4131789,999970444.4499999,4709.034263453831,212355.99999999962,8318.95,0.0,0.0,1000000000.0,999991680.05,-495734357072.07227,196998.63682097843,0.0,0.0,-15357.363179021195,-0.0
4.081319947959297,4.122547130926778,0,0.0,-495734357072.07227,-495734357072.07227,0,1,8318.95,0,1000,625,500,10495734357072.072,9527680160142.35,60,10000000000000.0,4496,0.0,0,0.0,0.0,4.122547130926778,0,4.496235768028057,4.389795464135705,9,4.393693212453005,4.469698148911943,4.469698148911943,9,-495734357072.07227,0,1.5525501456350064,0,0,0,3.5123849011621457,3.5123849011621457,8318.95,8318.95,,10000000,16,1000007037.4131789,999970444.4499999,4709.034263453831,212355.99999999962,8318.95,0.0,0.0,1000000000.0,999991680.05,-495734357072.07227,196998.63682097843,0.0,0.0,-15357.363179021195,-0.0
4.5772235642571175,4.623460907834959,0,89122944694.39648,0.0,89122944694.39648,0,1,10846.810000000001,0,1000,625,500,9910877055305.604,10089924377224.2,60,10000000000000.0,4496,0.0,0,0.0,0.0,4.623460907834959,0,4.496235768028057,4.354162353041181,17,4.3544427197896125,4.337710775302203,4.337710775302203,17,89122944694.39648,0,2.0484537619328265,0,0,0,4.496,4.496,10846.810000000001,10846.810000000001,,10000000,17,999989152.1899999,999985109.1899999,24733.840024486784,40429.99999999997,10846.810000000001,0.0,0.0,1000000000.0,999989152.1899999,89122944694.39648,40430.00000000038,0.0,0.0,-4.0745362639427185e-10,0.0
4.5772235642571175,4.623460907834959,0,89122944694.39648,0.0,89122944694.39648,0,1,10846.810000000001,0,1000,625,500,9910877055305.604,10089924377224.2,60,10000000000000.0,4496,0.0,0,0.0,0.0,4.623460907834959,0,4.496235768028057,4.354162353041181,17,4.3544427197896125,4.337710775302203,4.337710775302203,17,89122944694.39648,0,2.0484537619328265,0,0,0,4.496,4.496,10846.810000000001,10846.810000000001,,10000000,18,999989152.1899999,999985109.1899999,24733.840024486784,40429.99999999997,10846.810000000001,0.0,0.0,1000000000.0,999989152.1899999,89122944694.39648,40430.00000000038,0.0,0.0,-4.0745362639427185e-10,0.0
4.5772235642571175,4.623460907834959,0,89122944694.39648,0.0,89122944694.39648,0,1,10846.810000000001,0,1000,625,500,9910877055305.604,10089924377224.2,60,10000000000000.0,4496,0.0,0,0.0,0.0,4.623460907834959,0,4.496235768028057,4.354162353041181,17,4.3544427197896125,4.337710775302203,4.337710775302203,17,89122944694.39648,0,2.0484537619328265,0,0,0,4.496,4.496,10846.810000000001,10846.810000000001,,10000000,19,999989152.1899999,999985109.1899999,24733.840024486784,40429.99999999997,10846.810000000001,0.0,0.0,1000000000.0,999989152.1899999,89122944694.39648,40430.00000000038,0.0,0.0,-4.0745362639427185e-10,0.0
4.524276319718861,4.479479749160375,0,31298529793.91211,0.0,31298529793.91211,0,1,11109.95,0,1000,625,500,9968701470206.088,10031396797153.025,60,10000000000000.0,4496,0.0,0,0.0,0.0,4.479479749160375,0,4.496235768028057,4.367627280780869,20,4.365581762012988,4.345625236537093,4.345625236537093,20,31298529793.91211,0,2.1014010064710833,0,0,0,4.5772235642571175,4.5772235642571175,11109.95,11109.95,,10000000,20,999988971.4089513,999987477.4499999,70840.81106899862,14116.000000000216,11109.95,0.0,0.0,1000000000.0,999988889.05,31298529793.91211,14198.358951299768,0.0,0.0,-82.35895129955134,0.0
4.524276319718861,4.479479749160375,0,31298529793.91211,0.0,31298529793.91211,0,1,11109.95,0,1000,625,500,9968701470206.088,10031396797153.025,60,10000000000000.0,4496,0.0,0,0.0,0.0,4.479479749160375,0,4.496235768028057,4.367627280780869,20,4.365581762012988,4.345625236537093,4.345625236537093,20,31298529793.91211,0,2.1014010064710833,0,0,0,4.5772235642571175,4.5772235642571175,11109.95,11109.95,,10000000,21,999988971.4089513,999987477.4499999,70840.81106899862,14116.000000000216,11109.95,0.0,0.0,1000000000.0,999988889.05,31298529793.91211,14198.358951299768,0.0,0.0,-82.35895129955134,0.0
4.51660555531161,4.471885378843523,0,22836962814.873047,0.0,22836962814.873047,0,1,11148.2,0,1000,625,500,9977163037185.127,10022889234875.445,60,10000000000000.0,4496,0.0,0,0.0,0.0,4.471885378843523,0,4.496235768028057,4.371355696393519,22,4.3708715806031835,4.353345180794427,4.353345180794427,22,22836962814.873047,0,2.1090717708783338,0,0,0,4.524276319718861,4.524276319718861,11148.2,11148.2,,10000000,22,999988919.6283222,999987821.7,97171.20307064225,10291.000000000213,11148.2,0.0,0.0,1000000000.0,999988850.8000001,22836962814.873047,10359.828322227524,0.0,0.0,-68.82832222731122,0.0
4.51660555531161,4.471885378843523,0,22836962814.873047,0.0,22836962814.873047,0,1,11148.2,0,1000,625,500,9977163037185.127,10022889234875.445,60,10000000000000.0,4496,0.0,0,0.0,0.0,4.471885378843523,0,4.496235768028057,4.371355696393519,22,4.3708715806031835,4.353345180794427,4.353345180794427,22,22836962814.873047,0,2.1090717708783338,0,0,0,4.524276319718861,4.524276319718861,11148.2,11148.2,,10000000,23,999988919.6283222,999987821.7,97171.20307064225,10291.000000000213,11148.2,0.0,0.0,1000000000.0,999988850.8000001,22836962814.873047,10359.828322227524,0.0,0.0,-68.82832222731122,0.0
4.51660555531161,4.471885378843523,0,22836962814.873047,0.0,22836962814.873047,0,1,11148.2,0,1000,625,500,9977163037185.127,10022889234875.445,60,10000000000000.0,4496,0.0,0,0.0,0.0,4.471885378843523,0,4.496235768028057,4.371355696393519,22,4.3708715806031835,4.353345180794427,4.353345180794427,22,22836962814.873047,0,2.1090717708783338,0,0,0,4.524276319718861,4.524276319718861,11148.2,11148.2,,10000000,24,999988919.6283222,999987821.7,97171.20307064225,10291.000000000213,11148.2,0.0,0.0,1000000000.0,999988850.8000001,22836962814.873047,10359.828322227524,0.0,0.0,-68.82832222731122,0.0
4.916938723558941,4.966605651356135,0,437625391847.8633,0.0,437625391847.8633,0,1,13102.900000000001,0,1000,625,500,9562374608152.137,10457653469750.89,60,10000000000000.0,4496,0.0,0,0.0,0.0,4.966605651356135,0,4.496235768028057,4.3763821805160195,25,4.378158279338605,4.361891737740648,4.361891737740648,25,437625391847.8633,0,2.5094049391256643,0,0,0,4.51660555531161,4.51660555531161,13102.900000000001,13102.900000000001,,10000000,25,999986964.9283222,999966320.0,4859.943799359441,205761.00000000044,13102.900000000001,0.0,0.0,1000000000.0,999986896.1,437625391847.8633,205829.82832222752,0.0,0.0,-68.82832222708385,0.0
4.916938723558941,4.966605651356135,0,437625391847.8633,0.0,437625391847.8633,0,1,13102.900000000001,0,1000,625,500,9562374608152.137,10457653469750.89,60,10000000000000.0,4496,0.0,0,0.0,0.0,4.966605651356135,0,4.496235768028057,4.3763821805160195,25,4.378158279338605,4.361891737740648,4.361891737740648,25,437625391847.8633,0,2.5094049391256643,0,0,0,4.51660555531161,4.51660555531161,13102.900000000001,13102.900000000001,,10000000,26,999986964.9283222,999966320.0,4859.943799359441,205761.00000000044,13102.900000000001,0.0,0.0,1000000000.0,999986896.1,437625391847.8633,205829.82832222752,0.0,0.0,-68.82832222708385,0.0
4.916938723558941,4.966605651356135,0,437625391847.8633,0.0,437625391847.8633,0,1,13102.900000000001,0,1000,625,500,9562374608152.137,10457653469750.89,60,10000000000000.0,4496,0.0,0,0.0,0.0,4.966605651356135,0,4.496235768028057,4.3763821805160195,25,4.378158279338605,4.361891737740648,4.361891737740648,25,437625391847.8633,0,2.5094049391256643,0,0,0,4.51660555531161,4.51660555531161,13102.900000000001,13102.900000000001,,10000000,27,999986964.9283222,999966320.0,4859.943799359441,205761.00000000044,13102.900000000001,0.0,0.0,1000000000.0,999986896.1,437625391847.8633,205829.82832222752,0.0,0.0,-68.82832222708385,0.0
4.916938723558941,4.966605651356135,0,437625391847.8633,0.0,437625391847.8633,0,1,13102.900000000001,0,1000,625,500,9562374608152.137,10457653469750.89,60,10000000000000.0,4496,0.0,0,0.0,0.0,4.966605651356135,0,4.496235768028057,4.3763821805160195,25,4.378158279338605,4.361891737740648,4.361891737740648,25,437625391847.8633,0,2.5094049391256643,0,0,0,4.51660555531161,4.51660555531161,13102.900000000001,13102.900000000001,,10000000,28,999986964.9283222,999966320.0,4859.943799359441,205761.00000000044,13102.900000000001,0.0,0.0,1000000000.0,999986896.1,437625391847.8633,205829.82832222752,0.0,0.0,-68.82832222708385,0.0
4.916938723558941,4.966605651356135,0,437625391847.8633,0.0,437625391847.8633,0,1,13102.900000000001,0,1000,625,500,9562374608152.137,10457653469750.89,60,10000000000000.0,4496,0.0,0,0.0,0.0,4.966605651356135,0,4.496235768028057,4.3763821805160195,25,4.378158279338605,4.361891737740648,4.361891737740648,25,437625391847.8633,0,2.5094049391256643,0,0,0,4.51660555531161,4.51660555531161,13102.900000000001,13102.900000000001,,10000000,29,999986964.9283222,999966320.0,4859.943799359441,205761.00000000044,13102.900000000001,0.0,0.0,1000000000.0,999986896.1,437625391847.8633,205829.82832222752,0.0,0.0,-68.82832222708385,0.0
4.916938723558941,4.966605651356135,0,437625391847.8633,0.0,437625391847.8633,0,1,13102.900000000001,0,1000,625,500,9562374608152.137,10457653469750.89,60,10000000000000.0,4496,0.0,0,0.0,0.0,4.966605651356135,0,4.496235768028057,4.3763821805160195,25,4.378158279338605,4.361891737740648,4.361891737740648,25,437625391847.8633,0,2.5094049391256643,0,0,0,4.51660555531161,4.51660555531161,13102.900000000001,13102.900000000001,,10000000,30,999986964.9283222,999966320.0,4859.943799359441,205761.00000000044,13102.900000000001,0.0,0.0,1000000000.0,999986896.1,437625391847.8633,205829.82832222752,0.0,0.0,-68.82832222708385,0.0
4.916938723558941,4.966605651356135,0,437625391847.8633,0.0,437625391847.8633,0,1,13102.900000000001,0,1000,625,500,9562374608152.137,10457653469750.89,60,10000000000000.0,4496,0.0,0,0.0,0.0,4.966605651356135,0,4.496235768028057,4.3763821805160195,25,4.378158279338605,4.361891737740648,4.361891737740648,25,437625391847.8633,0,2.5094049391256643,0,0,0,4.51660555531161,4.51660555531161,13102.900000000001,13102.900000000001,,10000000,31,999986964.9283222,999966320.0,4859.943799359441,205761.00000000044,13102.900000000001,0.0,0.0,1000000000.0,999986896.1,437625391847.8633,205829.82832222752,0.0,0.0,-68.82832222708385,0.0
4.889813528264236,4.841398106576508,0,411139457777.2363,0.0,411139457777.2363,0,1,13232.770000000002,0,1000,625,500,9588860542222.764,10428767793594.307,60,10000000000000.0,4496,0.0,0,0.0,0.0,4.841398106576508,0,4.496235768028057,4.445241585447366,32,4.441015997830977,4.379941683123927,4.379941683123927,32,411139457777.2363,0,2.536530134420369,0,0,0,4.916938723558941,4.916938723558941,13232.770000000002,13232.770000000002,,10000000,32,999987364.839513,999967488.8299999,5187.352891105639,192774.00000000026,13232.770000000002,0.0,0.0,1000000000.0,999986766.2299999,411139457777.2363,193372.60951302692,0.0,0.0,-598.6095130266622,0.0
4.889813528264236,4.841398106576508,0,411139457777.2363,0.0,411139457777.2363,0,1,13232.770000000002,0,1000,625,500,9588860542222.764,10428767793594.307,60,10000000000000.0,4496,0.0,0,0.0,0.0,4.841398106576508,0,4.496235768028057,4.445241585447366,32,4.441015997830977,4.379941683123927,4.379941683123927,32,411139457777.2363,0,2.536530134420369,0,0,0,4.916938723558941,4.916938723558941,13232.770000000002,13232.770000000002,,10000000,33,999987364.839513,999967488.8299999,5187.352891105639,192774.00000000026,13232.770000000002,0.0,0.0,1000000000.0,999986766.2299999,411139457777.2363,193372.60951302692,0.0,0.0,-598.6095130266622,0.0
4.914205472890569,4.963844719251179,0,434966494725.8281,0.0,434966494725.8281,0,1,13349.570000000002,0,1000,625,500,9565033505274.172,10454746441281.139,60,10000000000000.0,4496,0.0,0,0.0,0.0,4.963844719251179,0,4.496235768028057,4.458446802818338,34,4.455975915512085,4.39784158447176,4.39784158447176,34,434966494725.8281,0,2.560922079046702,0,0,0,4.889813528264236,4.889813528264236,13349.570000000002,13349.570000000002,,10000000,34,999987248.039513,999966204.03,4891.0104445498755,204453.99999999994,13349.570000000002,0.0,0.0,1000000000.0,999986649.43,434966494725.8281,205052.60951302692,0.0,0.0,-598.6095130269823,0.0
4.914205472890569,4.963844719251179,0,434966494725.8281,0.0,434966494725.8281,0,1,13349.570000000002,0,1000,625,500,9565033505274.172,10454746441281.139,60,10000000000000.0,4496,0.0,0,0.0,0.0,4.963844719251179,0,4.496235768028057,4.458446802818338,34,4.455975915512085,4.39784158447176,4.39784158447176,34,434966494725.8281,0,2.560922079046702,0,0,0,4.889813528264236,4.889813528264236,13349.570000000002,13349.570000000002,,10000000,35,999987248.039513,999966204.03,4891.0104445498755,204453.99999999994,13349.570000000002,0.0,0.0,1000000000.0,999986649.43,434966494725.8281,205052.60951302692,0.0,0.0,-598.6095130269823,0.0
5.0150560343596515,5.06571346775196,0,531629223149.2383,0.0,531629223149.2383,0,1,13829.440000000002,0,1000,625,500,9468370776850.762,10561479092526.69,60,10000000000000.0,4496,0.0,0,0.0,0.0,5.06571346775196,0,4.496235768028057,4.475293400032767,36,4.471250234091368,4.414240649264843,4.414240649264843,36,531629223149.2383,0,2.6617726405157844,0,0,0,4.914205472890569,4.914205472890569,13829.440000000002,13829.440000000002,,10000000,36,999986768.169513,999960925.4599999,3961.2668685356243,252440.9999999996,13829.440000000002,0.0,0.0,1000000000.0,999986169.56,531629223149.2383,253039.60951302692,0.0,0.0,-598.6095130273316,0.0
5.0150560343596515,5.001501506387744,0,531629223149.2383,0.0,531629223149.2383,0,1,13829.440000000002,0,1000,625,500,9468370776850.762,10561479092526.69,60,10000000000000.0,4496,0.0,0,0.0,0.0,5.06571346775196,0,4.496235768028057,4.475293400032767,36,4.471250234091368,4.414240649264843,4.414240649264843,36,531629223149.2383,0,2.6617726405157844,0,0,0,4.914205472890569,4.914205472890569,13829.440000000002,13829.440000000002,,10000000,37,999986768.169513,999960925.4599999,3961.2668685356243,252440.9999999996,13829.440000000002,0.0,0.0,1000000000.0,999986169.56,531629223149.2383,253039.60951302692,0.0,0.0,-598.6095130273316,0.0
5.166913505606983,5.219106104760424,0,671806302215.6309,0.0,671806302215.6309,0,1,14543.000000000002,0,1000,625,500,9328193697784.37,10720189056939.5,60,10000000000000.0,4496,0.0,0,0.0,0.0,5.219106104760424,0,4.496235768028057,4.494974068956739,38,4.48937709410031,4.4309061433857,4.4309061433857,38,671806302215.6309,0,2.813630111763116,0,0,0,5.0150560343596515,5.0150560343596515,14543.000000000002,14543.000000000002,,10000000,38,999986054.609513,999953076.3,3088.309823747603,323796.9999999992,14543.000000000002,0.0,0.0,1000000000.0,999985456.0,671806302215.6309,324395.6095130269,0.0,0.0,-598.6095130277099,0.0
5.166913505606983,5.219106104760424,0,671806302215.6309,0.0,671806302215.6309,0,1,14543.000000000002,0,1000,625,500,9328193697784.37,10720189056939.5,60,10000000000000.0,4496,0.0,0,0.0,0.0,5.219106104760424,0,4.496235768028057,4.494974068956739,38,4.48937709410031,4.4309061433857,4.4309061433857,38,671806302215.6309,0,2.813630111763116,0,0,0,5.0150560343596515,5.0150560343596515,14543.000000000002,14543.000000000002,,10000000,39,999986054.609513,999953076.3,3088.309823747603,323796.9999999992,14543.000000000002,0.0,0.0,1000000000.0,999985456.0,671806302215.6309,324395.6095130269,0.0,0.0,-598.6095130277099,0.0
5.166913505606983,5.219106104760424,0,671806302215.6309,0.0,671806302215.6309,0,1,14543.000000000002,0,1000,625,500,9328193697784.37,10720189056939.5,60,10000000000000.0,4496,0.0,0,0.0,0.0,5.219106104760424,0,4.496235768028057,4.494974068956739,38,4.48937709410031,4.4309061433857,4.4309061433857,38,671806302215.6309,0,2.813630111763116,0,0,0,5.0150560343596515,5.0150560343596515,14543.000000000002,14543.000000000002,,10000000,40,999986054.609513,999953076.3,3088.309823747603,323796.9999999992,14543.000000000002,0.0,0.0,1000000000.0,999985456.0,671806302215.6309,324395.6095130269,0.0,0.0,-598.6095130277099,0.0
5.166913505606983,5.219106104760424,0,671806302215.6309,0.0,671806302215.6309,0,1,14543.000000000002,0,1000,625,500,9328193697784.37,10720189056939.5,60,10000000000000.0,4496,0.0,0,0.0,0.0,5.219106104760424,0,4.496235768028057,4.494974068956739,38,4.48937709410031,4.4309061433857,4.4309061433857,38,671806302215.6309,0,2.813630111763116,0,0,0,5.0150560343596515,5.0150560343596515,14543.000000000002,14543.000000000002,,10000000,41,999986054.609513,999953076.3,3088.309823747603,323796.9999999992,14543.000000000002,0.0,0.0,1000000000.0,999985456.0,671806302215.6309,324395.6095130269,0.0,0.0,-598.6095130277099,0.0
5.166913505606983,5.219106104760424,0,671806302215.6309,0.0,671806302215.6309,0,1,14543.000000000002,0,1000,625,500,9328193697784.37,10720189056939.5,60,10000000000000.0,4496,0.0,0,0.0,0.0,5.219106104760424,0,4.496235768028057,4.494974068956739,38,4.48937709410031,4.4309061433857,4.4309061433857,38,671806302215.6309,0,2.813630111763116,0,0,0,5.0150560343596515,5.0150560343596515,14543.000000000002,14543.000000000002,,10000000,42,999986054.609513,999953076.3,3088.309823747603,323796.9999999992,14543.000000000002,0.0,0.0,1000000000.0,999985456.0,671806302215.6309,324395.6095130269,0.0,0.0,-598.6095130277099,0.0
5.166913505606983,5.219106104760424,0,671806302215.6309,0.0,671806302215.6309,0,1,14543.000000000002,0,1000,625,500,9328193697784.37,10720189056939.5,60,10000000000000.0,4496,0.0,0,0.0,0.0,5.219106104760424,0,4.496235768028057,4.494974068956739,38,4.48937709410031,4.4309061433857,4.4309061433857,38,671806302215.6309,0,2.813630111763116,0,0,0,5.0150560343596515,5.0150560343596515,14543.000000000002,14543.000000000002,,10000000,43,999986054.609513,999953076.3,3088.309823747603,323796.9999999992,14543.000000000002,0.0,0.0,1000000000.0,999985456.0,671806302215.6309,324395.6095130269,0.0,0.0,-598.6095130277099,0.0
5.166913505606983,5.219106104760424,0,671806302215.6309,0.0,671806302215.6309,0,1,14543.000000000002,0,1000,625,500,9328193697784.37,10720189056939.5,60,10000000000000.0,4496,0.0,0,0.0,0.0,5.219106104760424,0,4.496235768028057,4.494974068956739,38,4.48937709410031,4.4309061433857,4.4309061433857,38,671806302215.6309,0,2.813630111763116,0,0,0,5.0150560343596515,5.0150560343596515,14543.000000000002,14543.000000000002,,10000000,44,999986054.609513,999953076.3,3088.309823747603,323796.9999999992,14543.000000000002,0.0,0.0,1000000000.0,999985456.0,671806302215.6309,324395.6095130269,0.0,0.0,-598.6095130277099,0.0
5.166913505606983,5.219106104760424,0,671806302215.6309,0.0,671806302215.6309,0,1,14543.000000000002,0,1000,625,500,9328193697784.37,10720189056939.5,60,10000000000000.0,4496,0.0,0,0.0,0.0,5.219106104760424,0,4.496235768028057,4.494974068956739,38,4.48937709410031,4.4309061433857,4.4309061433857,38,671806302215.6309,0,2.813630111763116,0,0,0,5.0150560343596515,5.0150560343596515,14543.000000000002,14543.000000000002,,10000000,45,999986054.609513,999953076.3,3088.309823747603,323796.9999999992,14543.000000000002,0.0,0.0,1000000000.0,999985456.0,671806302215.6309,324395.6095130269,0.0,0.0,-598.6095130277099,0.0
5.333229478762453,5.387100843395985,0,818407459308.7559,0.0,818407459308.7559,0,1,15312.570000000002,0,1000,625,500,9181592540691.244,10891356761565.834,60,10000000000000.0,4496,0.0,0,0.0,0.0,5.387100843395985,0,4.496235768028057,4.591525007063897,46,4.5797152823011995,4.50879279551556,4.50879279551556,46,818407459308.7559,0,2.979946084918586,0,0,0,5.166913505606983,5.166913505606983,15312.570000000002,15312.570000000002,,10000000,46,999985285.039513,999944611.03,2495.2581544538607,400753.99999999895,15312.570000000002,0.0,0.0,1000000000.0,999984686.43,818407459308.7559,401352.6095130269,0.0,0.0,-598.6095130279427,0.0
5.333229478762453,5.387100843395985,0,818407459308.7559,0.0,818407459308.7559,0,1,15312.570000000002,0,1000,625,500,9181592540691.244,10891356761565.834,60,10000000000000.0,4496,0.0,0,0.0,0.0,5.387100843395985,0,4.496235768028057,4.591525007063897,46,4.5797152823011995,4.50879279551556,4.50879279551556,46,818407459308.7559,0,2.979946084918586,0,0,0,5.166913505606983,5.166913505606983,15312.570000000002,15312.570000000002,,10000000,47,999985285.039513,999944611.03,2495.2581544538607,400753.99999999895,15312.570000000002,0.0,0.0,1000000000.0,999984686.43,818407459308.7559,401352.6095130269,0.0,0.0,-598.6095130279427,0.0
5.333229478762453,5.387100843395985,0,818407459308.7559,0.0,818407459308.7559,0,1,15312.570000000002,0,1000,625,500,9181592540691.244,10891356761565.834,60,10000000000000.0,4496,0.0,0,0.0,0.0,5.387100843395985,0,4.496235768028057,4.591525007063897,46,4.5797152823011995,4.50879279551556,4.50879279551556,46,818407459308.7559,0,2.979946084918586,0,0,0,5.166913505606983,5.166913505606983,15312.570000000002,15312.570000000002,,10000000,48,999985285.039513,999944611.03,2495.2581544538607,400753.99999999895,15312.570000000002,0.0,0.0,1000000000.0,999984686.43,818407459308.7559,401352.6095130269,0.0,0.0,-598.6095130279427,0.0
5.333229478762453,5.387100843395985,0,818407459308.7559,0.0,818407459308.7559,0,1,15312.570000000002,0,1000,625,500,9181592540691.244,10891356761565.834,60,10000000000000.0,4496,0.0,0,0.0,0.0,5.387100843395985,0,4.496235768028057,4.591525007063897,46,4.5797152823011995,4.50879279551556,4.50879279551556,46,818407459308.7559,0,2.979946084918586,0,0,0,5.166913505606983,5.166913505606983,15312.570000000002,15312.570000000002,,10000000,49,999985285.039513,999944611.03,2495.2581544538607,400753.99999999895,15312.570000000002,0.0,0.0,1000000000.0,999984686.43,818407459308.7559,401352.6095130269,0.0,0.0,-598.6095130279427,0.0
5.333229478762453,5.387100843395985,0,818407459308.7559,0.0,818407459308.7559,0,1,15312.570000000002,0,1000,625,500,9181592540691.244,10891356761565.834,60,10000000000000.0,4496,0.0,0,0.0,0.0,5.387100843395985,0,4.496235768028057,4.591525007063897,46,4.5797152823011995,4.50879279551556,4.50879279551556,46,818407459308.7559,0,2.979946084918586,0,0,0,5.166913505606983,5.166913505606983,15312.570000000002,15312.570000000002,,10000000,50,999985285.039513,999944611.03,2495.2581544538607,400753.99999999895,15312.570000000002,0.0,0.0,1000000000.0,999984686.43,818407459308.7559,401352.6095130269,0.0,0.0,-598.6095130279427,0.0
5.333229478762453,5.387100843395985,0,818407459308.7559,0.0,818407459308.7559,0,1,15312.570000000002,0,1000,625,500,9181592540691.244,10891356761565.834,60,10000000000000.0,4496,0.0,0,0.0,0.0,5.387100843395985,0,4.496235768028057,4.591525007063897,46,4.5797152823011995,4.50879279551556,4.50879279551556,46,818407459308.7559,0,2.979946084918586,0,0,0,5.166913505606983,5.166913505606983,15312.570000000002,15312.570000000002,,10000000,51,999985285.039513,999944611.03,2495.2581544538607,400753.99999999895,15312.570000000002,0.0,0.0,1000000000.0,999984686.43,818407459308.7559,401352.6095130269,0.0,0.0,-598.6095130279427,0.0
5.333229478762453,5.387100843395985,0,818407459308.7559,0.0,818407459308.7559,0,1,15312.570000000002,0,1000,625,500,9181592540691.244,10891356761565.834,60,10000000000000.0,4496,0.0,0,0.0,0.0,5.387100843395985,0,4.496235768028057,4.591525007063897,46,4.5797152823011995,4.50879279551556,4.50879279551556,46,818407459308.7559,0,2.979946084918586,0,0,0,5.166913505606983,5.166913505606983,15312.570000000002,15312.570000000002,,10000000,52,999985285.039513,999944611.03,2495.2581544538607,400753.99999999895,15312.570000000002,0.0,0.0,1000000000.0,999984686.43,818407459308.7559,401352.6095130269,0.0,0.0,-598.6095130279427,0.0
5.219808675272462,5.168126469838345,0,719190488821.6387,0.0,719190488821.6387,0,1,15836.060000000001,0,1000,625,500,9280809511178.361,10774922153024.908,60,10000000000000.0,4496,0.0,0,0.0,0.0,5.168126469838345,0,4.496235768028057,4.684342187969308,53,4.667625271888345,4.585573545026225,4.585573545026225,53,719190488821.6387,0,3.0933668884085765,0,0,0,5.333229478762453,5.333229478762453,15836.060000000001,15836.060000000001,,10000000,53,999988453.8693227,999949322.4399999,2870.177416914233,348404.9999999988,15836.060000000001,0.0,0.0,1000000000.0,999984162.9399999,719190488821.6387,352695.9293226788,0.0,0.0,-4290.929322680051,0.0
5.219808675272462,5.168126469838345,0,719190488821.6387,0.0,719190488821.6387,0,1,15836.060000000001,0,1000,625,500,9280809511178.361,10774922153024.908,60,10000000000000.0,4496,0.0,0,0.0,0.0,5.168126469838345,0,4.496235768028057,4.684342187969308,53,4.667625271888345,4.585573545026225,4.585573545026225,53,719190488821.6387,0,3.0933668884085765,0,0,0,5.333229478762453,5.333229478762453,15836.060000000001,15836.060000000001,,10000000,54,999988453.8693227,999949322.4399999,2870.177416914233,348404.9999999988,15836.060000000001,0.0,0.0,1000000000.0,999984162.9399999,719190488821.6387,352695.9293226788,0.0,0.0,-4290.929322680051,0.0
5.219808675272462,5.168126469838345,0,719190488821.6387,0.0,719190488821.6387,0,1,15836.060000000001,0,1000,625,500,9280809511178.361,10774922153024.908,60,10000000000000.0,4496,0.0,0,0.0,0.0,5.168126469838345,0,4.496235768028057,4.684342187969308,53,4.667625271888345,4.585573545026225,4.585573545026225,53,719190488821.6387,0,3.0933668884085765,0,0,0,5.333229478762453,5.333229478762453,15836.060000000001,15836.060000000001,,10000000,55,999988453.8693227,999949322.4399999,2870.177416914233,348404.9999999988,15836.060000000001,0.0,0.0,1000000000.0,999984162.9399999,719190488821.6387,352695.9293226788,0.0,0.0,-4290.929322680051,0.0
5.219808675272462,5.168126469838345,0,719190488821.6387,0.0,719190488821.6387,0,1,15836.060000000001,0,1000,625,500,9280809511178.361,10774922153024.908,60,10000000000000.0,4496,0.0,0,0.0,0.0,5.168126469838345,0,4.496235768028057,4.684342187969308,53,4.667625271888345,4.585573545026225,4.585573545026225,53,719190488821.6387,0,3.0933668884085765,0,0,0,5.333229478762453,5.333229478762453,15836.060000000001,15836.060000000001,,10000000,56,999988453.8693227,999949322.4399999,2870.177416914233,348404.9999999988,15836.060000000001,0.0,0.0,1000000000.0,999984162.9399999,719190488821.6387,352695.9293226788,0.0,0.0,-4290.929322680051,0.0
5.219808675272462,5.168126469838345,0,719190488821.6387,0.0,719190488821.6387,0,1,15836.060000000001,0,1000,625,500,9280809511178.361,10774922153024.908,60,10000000000000.0,4496,0.0,0,0.0,0.0,5.168126469838345,0,4.496235768028057,4.684342187969308,53,4.667625271888345,4.585573545026225,4.585573545026225,53,719190488821.6387,0,3.0933668884085765,0,0,0,5.333229478762453,5.333229478762453,15836.060000000001,15836.060000000001,,10000000,57,999988453.8693227,999949322.4399999,2870.177416914233,348404.9999999988,15836.060000000001,0.0,0.0,1000000000.0,999984162.9399999,719190488821.6387,352695.9293226788,0.0,0.0,-4290.929322680051,0.0
5.219808675272462,5.168126469838345,0,719190488821.6387,0.0,719190488821.6387,0,1,15836.060000000001,0,1000,625,500,9280809511178.361,10774922153024.908,60,10000000000000.0,4496,0.0,0,0.0,0.0,5.168126469838345,0,4.496235768028057,4.684342187969308,53,4.667625271888345,4.585573545026225,4.585573545026225,53,719190488821.6387,0,3.0933668884085765,0,0,0,5.333229478762453,5.333229478762453,15836.060000000001,15836.060000000001,,10000000,58,999988453.8693227,999949322.4399999,2870.177416914233,348404.9999999988,15836.060000000001,0.0,0.0,1000000000.0,999984162.9399999,719190488821.6387,352695.9293226788,0.0,0.0,-4290.929322680051,0.0
5.219808675272462,5.168126469838345,0,719190488821.6387,0.0,719190488821.6387,0,1,15836.060000000001,0,1000,625,500,9280809511178.361,10774922153024.908,60,10000000000000.0,4496,0.0,0,0.0,0.0,5.168126469838345,0,4.496235768028057,4.684342187969308,53,4.667625271888345,4.585573545026225,4.585573545026225,53,719190488821.6387,0,3.0933668884085765,0,0,0,5.333229478762453,5.333229478762453,15836.060000000001,15836.060000000001,,10000000,59,999988453.8693227,999949322.4399999,2870.177416914233,348404.9999999988,15836.060000000001,0.0,0.0,1000000000.0,999984162.9399999,719190488821.6387,352695.9293226788,0.0,0.0,-4290.929322680051,0.0
4.985144190187053,4.9357842682884225,0,503265664172.5742,0.0,503265664172.5742,0,1,16937.52,0,1000,625,500,9496734335827.426,10529935498220.639,60,10000000000000.0,4496,-3.236973429046793,60,-3.236973429046793,-3.236973429046793,4.9357842682884225,0,4.496235768028057,4.744033697200157,60,4.736264960970445,4.68191688070618,4.68191688070618,60,503265664172.5742,0,3.328031373493986,0,0,0,4.985144190187053,4.985144190187053,16937.52,16937.52,,10000000,60,999991607.4000877,999959235.5799999,4197.042132637187,238258.99999999916,16937.52,0.0,0.0,1000000000.0,999983061.4799999,503265664172.5742,246804.92008781515,0.0,0.0,-8545.92008781599,1.6290575826782095e-05
4.985144190187053,4.9357842682884225,0,503265664172.5742,0.0,503265664172.5742,0,1,16937.52,0,1000,625,500,9496734335827.426,10529935498220.639,60,10000000000000.0,4496,-3.236973429046793,60,-3.236973429046793,-3.236973429046793,4.9357842682884225,0,4.496235768028057,4.744033697200157,60,4.736264960970445,4.68191688070618,4.68191688070618,60,503265664172.5742,0,3.328031373493986,0,0,0,4.985144190187053,4.985144190187053,16937.52,16937.52,,10000000,61,999991607.4000877,999959235.5799999,4197.042132637187,238258.99999999916,16937.52,0.0,0.0,1000000000.0,999983061.4799999,503265664172.5742,246804.92008781515,0.0,0.0,-8545.92008781599,1.6290575826782095e-05
4.985144190187053,4.9357842682884225,0,503265664172.5742,0.0,503265664172.5742,0,1,16937.52,0,1000,625,500,9496734335827.426,10529935498220.639,60,10000000000000.0,4496,-3.236973429046793,60,-3.236973429046793,-3.236973429046793,4.9357842682884225,0,4.496235768028057,4.744033697200157,60,4.736264960970445,4.68191688070618,4.68191688070618,60,503265664172.5742,0,3.328031373493986,0,0,0,4.985144190187053,4.985144190187053,16937.52,16937.52,,10000000,62,999991607.4000877,999959235.5799999,4197.042132637187,238258.99999999916,16937.52,0.0,0.0,1000000000.0,999983061.4799999,503265664172.5742,246804.92008781515,0.0,0.0,-8545.92008781599,1.6290575826782095e-05
4.985144190187053,4.9357842682884225,0,503265664172.5742,0.0,503265664172.5742,0,1,16937.52,0,1000,625,500,9496734335827.426,10529935498220.639,60,10000000000000.0,4496,-3.236973429046793,60,-3.236973429046793,-3.236973429046793,4.9357842682884225,0,4.496235768028057,4.744033697200157,60,4.736264960970445,4.68191688070618,4.68191688070618,60,503265664172.5742,0,3.328031373493986,0,0,0,4.985144190187053,4.985144190187053,16937.52,16937.52,,10000000,63,999991607.4000877,999959235.5799999,4197.042132637187,238258.99999999916,16937.52,0.0,0.0,1000000000.0,999983061.4799999,503265664172.5742,246804.92008781515,0.0,0.0,-8545.92008781599,1.6290575826782095e-05
4.985144190187053,4.9357842682884225,0,503265664172.5742,0.0,503265664172.5742,0,1,16937.52,0,1000,625,500,9496734335827.426,10529935498220.639,60,10000000000000.0,4496,-3.236973429046793,60,-3.236973429046793,-3.236973429046793,4.9357842682884225,0,4.496235768028057,4.744033697200157,60,4.736264960970445,4.68191688070618,4.68191688070618,60,503265664172.5742,0,3.328031373493986,0,0,0,4.985144190187053,4.985144190187053,16937.52,16937.52,,10000000,64,999991607.4000877,999959235.5799999,4197.042132637187,238258.99999999916,16937.52,0.0,0.0,1000000000.0,999983061.4799999,503265664172.5742,246804.92008781515,0.0,0.0,-8545.92008781599,1.6290575826782095e-05
4.6337999965302465,4.587919007802904,0,149812241750.2461,0.0,149812241750.2461,0,1,18636.31,0,1000,625,500,9850187758249.754,10152090747330.959,60,10000000000000.0,4496,-3.236973429046793,60,-3.236973429046793,-3.236973429046793,4.587919007802904,0,4.496235768028057,4.760012911457512,65,4.757004896738495,4.707185823162919,4.707185823162919,65,149812241750.2461,0,3.6793755671507924,0,0,0,4.985144190187053,4.985144190187053,18636.31,18636.31,,10000000,65,999986451.6368914,999974524.6899999,14623.886555864467,68379.99999999916,18636.31,0.0,0.0,1000000000.0,999981362.6899999,149812241750.2461,73468.94689137206,-3.236973429046793,65.0,-5088.946891372907,0.0
4.6337999965302465,4.587919007802904,0,149812241750.2461,0.0,149812241750.2461,0,1,18636.31,0,1000,625,500,9850187758249.754,10152090747330.959,60,10000000000000.0,4496,-3.236973429046793,60,-3.236973429046793,-3.236973429046793,4.587919007802904,0,4.496235768028057,4.760012911457512,65,4.757004896738495,4.707185823162919,4.707185823162919,65,149812241750.2461,0,3.6793755671507924,0,0,0,4.985144190187053,4.985144190187053,18636.31,18636.31,,10000000,66,999986451.6368914,999974524.6899999,14623.886555864467,68379.99999999916,18636.31,0.0,0.0,1000000000.0,999981362.6899999,149812241750.2461,73468.94689137206,-3.236973429046793,65.0,-5088.946891372907,0.0
4.6337999965302465,4.587919007802904,0,149812241750.2461,0.0,149812241750.2461,0,1,18636.31,0,1000,625,500,9850187758249.754,10152090747330.959,60,10000000000000.0,4496,-3.236973429046793,60,-3.236973429046793,-3.236973429046793,4.587919007802904,0,4.496235768028057,4.760012911457512,65,4.757004896738495,4.707185823162919,4.707185823162919,65,149812241750.2461,0,3.6793755671507924,0,0,0,4.985144190187053,4.985144190187053,18636.31,18636.31,,10000000,67,999986451.6368914,999974524.6899999,14623.886555864467,68379.99999999916,18636.31,0.0,0.0,1000000000.0,999981362.6899999,149812241750.2461,73468.94689137206,-3.236973429046793,65.0,-5088.946891372907,0.0
4.6337999965302465,4.587919007802904,0,149812241750.2461,0.0,149812241750.2461,0,1,18636.31,0,1000,625,500,9850187758249.754,10152090747330.959,60,10000000000000.0,4496,-3.236973429046793,60,-3.236973429046793,-3.236973429046793,4.587919007802904,0,4.496235768028057,4.760012911457512,65,4.757004896738495,4.707185823162919,4.707185823162919,65,149812241750.2461,0,3.6793755671507924,0,0,0,4.985144190187053,4.985144190187053,18636.31,18636.31,,10000000,68,999986451.6368914,999974524.6899999,14623.886555864467,68379.99999999916,18636.31,0.0,0.0,1000000000.0,999981362.6899999,149812241750.2461,73468.94689137206,-3.236973429046793,65.0,-5088.946891372907,0.0
4.6337999965302465,4.587919007802904,0,149812241750.2461,0.0,149812241750.2461,0,1,18636.31,0,1000,625,500,9850187758249.754,10152090747330.959,60,10000000000000.0,4496,-3.236973429046793,60,-3.236973429046793,-3.236973429046793,4.587919007802904,0,4.496235768028057,4.760012911457512,65,4.757004896738495,4.707185823162919,4.707185823162919,65,149812241750.2461,0,3.6793755671507924,0,0,0,4.985144190187053,4.985144190187053,18636.31,18636.31,,10000000,69,999986451.6368914,999974524.6899999,14623.886555864467,68379.99999999916,18636.31,0.0,0.0,1000000000.0,999981362.6899999,149812241750.2461,73468.94689137206,-3.236973429046793,65.0,-5088.946891372907,0.0
4.6337999965302465,4.587919007802904,0,149812241750.2461,0.0,149812241750.2461,0,1,18636.31,0,1000,625,500,9850187758249.754,10152090747330.959,60,10000000000000.0,4496,-3.236973429046793,60,-3.236973429046793,-3.236973429046793,4.587919007802904,0,4.496235768028057,4.760012911457512,65,4.757004896738495,4.707185823162919,4.707185823162919,65,149812241750.2461,0,3.6793755671507924,0,0,0,4.985144190187053,4.985144190187053,18636.31,18636.31,,10000000,70,999986451.6368914,999974524.6899999,14623.886555864467,68379.99999999916,18636.31,0.0,0.0,1000000000.0,999981362.6899999,149812241750.2461,73468.94689137206,-3.236973429046793,65.0,-5088.946891372907,0.0
4.6337999965302465,4.587919007802904,0,149812241750.2461,0.0,149812241750.2461,0,1,18636.31,0,1000,625,500,9850187758249.754,10152090747330.959,60,10000000000000.0,4496,-3.236973429046793,60,-3.236973429046793,-3.236973429046793,4.587919007802904,0,4.496235768028057,4.760012911457512,65,4.757004896738495,4.707185823162919,4.707185823162919,65,149812241750.2461,0,3.6793755671507924,0,0,0,4.985144190187053,4.985144190187053,18636.31,18636.31,,10000000,71,999986451.6368914,999974524.6899999,14623.886555864467,68379.99999999916,18636.31,0.0,0.0,1000000000.0,999981362.6899999,149812241750.2461,73468.94689137206,-3.236973429046793,65.0,-5088.946891372907,0.0
4.7995268530304696,4.848007414694216,0,321368871877.6113,0.0,321368871877.6113,0,1,19445.36,0,1000,625,500,9678631128122.389,10332039590747.328,60,10000000000000.0,4496,-3.236973429046793,60,-3.236973429046793,-3.236973429046793,4.848007414694216,0,4.496235768028057,4.739935289364474,72,4.742630991714199,4.739614299315734,4.739614299315734,72,321368871877.6113,0,3.8451024236510154,0,0,0,4.6337999965302465,4.6337999965302465,19445.36,19445.36,,10000000,72,999985642.5868914,999965625.14,6698.466380681305,149284.99999999872,19445.36,0.0,0.0,1000000000.0,999980553.64,321368871877.6113,154373.94689137206,-3.236973429046793,65.0,-5088.9468913733435,0.0
4.7995268530304696,4.848007414694216,0,321368871877.6113,0.0,321368871877.6113,0,1,19445.36,0,1000,625,500,9678631128122.389,10332039590747.328,60,10000000000000.0,4496,-3.236973429046793,60,-3.236973429046793,-3.236973429046793,4.848007414694216,0,4.496235768028057,4.739935289364474,72,4.742630991714199,4.739614299315734,4.739614299315734,72,321368871877.6113,0,3.8451024236510154,0,0,0,4.6337999965302465,4.6337999965302465,19445.36,19445.36,,10000000,73,999985642.5868914,999965625.14,6698.466380681305,149284.99999999872,19445.36,0.0,0.0,1000000000.0,999980553.64,321368871877.6113,154373.94689137206,-3.236973429046793,65.0,-5088.9468913733435,0.0
4.7995268530304696,4.848007414694216,0,321368871877.6113,0.0,321368871877.6113,0,1,19445.36,0,1000,625,500,9678631128122.389,10332039590747.328,60,10000000000000.0,4496,-3.236973429046793,60,-3.236973429046793,-3.236973429046793,4.848007414694216,0,4.496235768028057,4.739935289364474,72,4.742630991714199,4.739614299315734,4.739614299315734,72,321368871877.6113,0,3.8451024236510154,0,0,0,4.6337999965302465,4.6337999965302465,19445.36,19445.36,,10000000,74,999985642.5868914,999965625.14,6698.466380681305,149284.99999999872,19445.36,0.0,0.0,1000000000.0,999980553.64,321368871877.6113,154373.94689137206,-3.236973429046793,65.0,-5088.9468913733435,0.0
4.7995268530304696,4.848007414694216,0,321368871877.6113,0.0,321368871877.6113,0,1,19445.36,0,1000,625,500,9678631128122.389,10332039590747.328,60,10000000000000.0,4496,-3.236973429046793,60,-3.236973429046793,-3.236973429046793,4.848007414694216,0,4.496235768028057,4.739935289364474,72,4.742630991714199,4.739614299315734,4.739614299315734,72,321368871877.6113,0,3.8451024236510154,0,0,0,4.6337999965302465,4.6337999965302465,19445.36,19445.36,,10000000,75,999985642.5868914,999965625.14,6698.466380681305,149284.99999999872,19445.36,0.0,0.0,1000000000.0,999980553.64,321368871877.6113,154373.94689137206,-3.236973429046793,65.0,-5088.9468913733435,0.0
4.7995268530304696,4.848007414694216,0,321368871877.6113,0.0,321368871877.6113,0,1,19445.36,0,1000,625,500,9678631128122.389,10332039590747.328,60,10000000000000.0,4496,-3.236973429046793,60,-3.236973429046793,-3.236973429046793,4.848007414694216,0,4.496235768028057,4.739935289364474,72,4.742630991714199,4.739614299315734,4.739614299315734,72,321368871877.6113,0,3.8451024236510154,0,0,0,4.6337999965302465,4.6337999965302465,19445.36,19445.36,,10000000,76,999985642.5868914,999965625.14,6698.466380681305,149284.99999999872,19445.36,0.0,0.0,1000000000.0,999980553.64,321368871877.6113,154373.94689137206,-3.236973429046793,65.0,-5088.9468913733435,0.0
4.7995268530304696,4.802961559903495,0,321368871877.6113,0.0,321368871877.6113,0,1,19445.36,0,1000,625,500,9678631128122.389,10332039590747.328,60,10000000000000.0,4496,-3.236973429046793,60,-3.236973429046793,-3.236973429046793,4.848007414694216,0,4.496235768028057,4.739935289364474,72,4.742630991714199,4.739614299315734,4.739614299315734,72,321368871877.6113,0,3.8451024236510154,0,0,0,4.6337999965302465,4.6337999965302465,19445.36,19445.36,,10000000,77,999985642.5868914,999965625.14,6698.466380681305,149284.99999999872,19445.36,0.0,0.0,1000000000.0,999980553.64,321368871877.6113,154373.94689137206,-3.236973429046793,65.0,-5088.9468913733435,0.0
4.7995268530304696,4.802961559903495,0,321368871877.6113,0.0,321368871877.6113,0,1,19445.36,0,1000,625,500,9678631128122.389,10332039590747.328,60,10000000000000.0,4496,-3.236973429046793,60,-3.236973429046793,-3.236973429046793,4.848007414694216,0,4.496235768028057,4.739935289364474,72,4.742630991714199,4.739614299315734,4.739614299315734,72,321368871877.6113,0,3.8451024236510154,0,0,0,4.6337999965302465,4.6337999965302465,19445.36,19445.36,,10000000,78,999985642.5868914,999965625.14,6698.466380681305,149284.99999999872,19445.36,0.0,0.0,1000000000.0,999980553.64,321368871877.6113,154373.94689137206,-3.236973429046793,65.0,-5088.9468913733435,0.0
4.7995268530304696,4.802961559903495,0,321368871877.6113,0.0,321368871877.6113,0,1,19445.36,0,1000,625,500,9678631128122.389,10332039590747.328,60,10000000000000.0,4496,-3.236973429046793,60,-3.236973429046793,-3.236973429046793,4.848007414694216,0,4.496235768028057,4.739935289364474,72,4.742630991714199,4.739614299315734,4.739614299315734,72,321368871877.6113,0,3.8451024236510154,0,0,0,4.6337999965302465,4.6337999965302465,19445.36,19445.36,,10000000,79,999985642.5868914,999965625.14,6698.466380681305,149284.99999999872,19445.36,0.0,0.0,1000000000.0,999980553.64,321368871877.6113,154373.94689137206,-3.236973429046793,65.0,-5088.9468913733435,0.0
4.7995268530304696,4.802961559903495,0,321368871877.6113,0.0,321368871877.6113,0,1,19445.36,0,1000,625,500,9678631128122.389,10332039590747.328,60,10000000000000.0,4496,-3.236973429046793,60,-3.236973429046793,-3.236973429046793,4.848007414694216,0,4.496235768028057,4.739935289364474,72,4.742630991714199,4.739614299315734,4.739614299315734,72,321368871877.6113,0,3.8451024236510154,0,0,0,4.6337999965302465,4.6337999965302465,19445.36,19445.36,,10000000,80,999985642.5868914,999965625.14,6698.466380681305,149284.99999999872,19445.36,0.0,0.0,1000000000.0,999980553.64,321368871877.6113,154373.94689137206,-3.236973429046793,65.0,-5088.9468913733435,0.0
4.7995268530304696,4.802961559903495,0,321368871877.6113,0.0,321368871877.6113,0,1,19445.36,0,1000,625,500,9678631128122.389,10332039590747.328,60,10000000000000.0,4496,-3.236973429046793,60,-3.236973429046793,-3.236973429046793,4.848007414694216,0,4.496235768028057,4.739935289364474,72,4.742630991714199,4.739614299315734,4.739614299315734,72,321368871877.6113,0,3.8451024236510154,0,0,0,4.6337999965302465,4.6337999965302465,19445.36,19445.36,,10000000,81,999985642.5868914,999965625.14,6698.466380681305,149284.99999999872,19445.36,0.0,0.0,1000000000.0,999980553.64,321368871877.6113,154373.94689137206,-3.236973429046793,65.0,-5088.9468913733435,0.0
4.7995268530304696,4.802961559903495,0,321368871877.6113,0.0,321368871877.6113,0,1,19445.36,0,1000,625,500,9678631128122.389,10332039590747.328,60,10000000000000.0,4496,-3.236973429046793,60,-3.236973429046793,-3.236973429046793,4.848007414694216,0,4.496235768028057,4.739935289364474,72,4.742630991714199,4.739614299315734,4.739614299315734,72,321368871877.6113,0,3.8451024236510154,0,0,0,4.6337999965302465,4.6337999965302465,19445.36,19445.36,,10000000,82,999985642.5868914,999965625.14,6698.466380681305,149284.99999999872,19445.36,0.0,0.0,1000000000.0,999980553.64,321368871877.6113,154373.94689137206,-3.236973429046793,65.0,-5088.9468913733435,0.0
4.7995268530304696,4.802961559903495,0,321368871877.6113,0.0,321368871877.6113,0,1,19445.36,0,1000,625,500,9678631128122.389,10332039590747.328,60,10000000000000.0,4496,-3.236973429046793,60,-3.236973429046793,-3.236973429046793,4.848007414694216,0,4.496235768028057,4.739935289364474,72,4.742630991714199,4.739614299315734,4.739614299315734,72,321368871877.6113,0,3.8451024236510154,0,0,0,4.6337999965302465,4.6337999965302465,19445.36,19445.36,,10000000,83,999985642.5868914,999965625.14,6698.466380681305,149284.99999999872,19445.36,0.0,0.0,1000000000.0,999980553.64,321368871877.6113,154373.94689137206,-3.236973429046793,65.0,-5088.9468913733435,0.0
4.7995268530304696,4.802961559903495,0,321368871877.6113,0.0,321368871877.6113,0,1,19445.36,0,1000,625,500,9678631128122.389,10332039590747.328,60,10000000000000.0,4496,-3.236973429046793,60,-3.236973429046793,-3.236973429046793,4.848007414694216,0,4.496235768028057,4.739935289364474,72,4.742630991714199,4.739614299315734,4.739614299315734,72,321368871877.6113,0,3.8451024236510154,0,0,0,4.6337999965302465,4.6337999965302465,19445.36,19445.36,,10000000,84,999985642.5868914,999965625.14,6698.466380681305,149284.99999999872,19445.36,0.0,0.0,1000000000.0,999980553.64,321368871877.6113,154373.94689137206,-3.236973429046793,65.0,-5088.9468913733435,0.0
4.907474922321172,4.957047307032758,0,428409570398.2363,0.0,428409570398.2363,0,1,19964.850000000002,0,1000,625,500,9571590429601.764,10447584519572.951,60,10000000000000.0,4496,-3.236973429046793,60,-3.236973429046793,-3.236973429046793,4.957047307032758,0,4.496235768028057,4.763350916519252,85,4.754958428332724,4.716687867045545,4.716687867045545,85,428409570398.2363,0,3.953050492941718,0,0,0,4.7995268530304696,4.7995268530304696,19964.850000000002,19964.850000000002,,10000000,85,999985123.0968914,999959910.75,4969.239960195622,201233.99999999884,19964.850000000002,0.0,0.0,1000000000.0,999980034.15,428409570398.2363,206322.94689137206,-3.236973429046793,65.0,-5088.946891373227,0.0
4.907474922321172,4.957047307032758,0,428409570398.2363,0.0,428409570398.2363,0,1,19964.850000000002,0,1000,625,500,9571590429601.764,10447584519572.951,60,10000000000000.0,4496,-3.236973429046793,60,-3.236973429046793,-3.236973429046793,4.957047307032758,0,4.496235768028057,4.763350916519252,85,4.754958428332724,4.716687867045545,4.716687867045545,85,428409570398.2363,0,3.953050492941718,0,0,0,4.7995268530304696,4.7995268530304696,19964.850000000002,19964.850000000002,,10000000,86,999985123.0968914,999959910.75,4969.239960195622,201233.99999999884,19964.850000000002,0.0,0.0,1000000000.0,999980034.15,428409570398.2363,206322.94689137206,-3.236973429046793,65.0,-5088.946891373227,0.0
4.907474922321172,4.957047307032758,0,428409570398.2363,0.0,428409570398.2363,0,1,19964.850000000002,0,1000,625,500,9571590429601.764,10447584519572.951,60,10000000000000.0,4496,-3.236973429046793,60,-3.236973429046793,-3.236973429046793,4.957047307032758,0,4.496235768028057,4.763350916519252,85,4.754958428332724,4.716687867045545,4.716687867045545,85,428409570398.2363,0,3.953050492941718,0,0,0,4.7995268530304696,4.7995268530304696,19964.850000000002,19964.850000000002,,10000000,87,999985123.0968914,999959910.75,4969.239960195622,201233.99999999884,19964.850000000002,0.0,0.0,1000000000.0,999980034.15,428409570398.2363,206322.94689137206,-3.236973429046793,65.0,-5088.946891373227,0.0
4.907474922321172,4.957047307032758,0,428409570398.2363,0.0,428409570398.2363,0,1,19964.850000000002,0,1000,625,500,9571590429601.764,10447584519572.951,60,10000000000000.0,4496,-3.236973429046793,60,-3.236973429046793,-3.236973429046793,4.957047307032758,0,4.496235768028057,4.763350916519252,85,4.754958428332724,4.716687867045545,4.716687867045545,85,428409570398.2363,0,3.953050492941718,0,0,0,4.7995268530304696,4.7995268530304696,19964.850000000002,19964.850000000002,,10000000,88,999985123.0968914,999959910.75,4969.239960195622,201233.99999999884,19964.850000000002,0.0,0.0,1000000000.0,999980034.15,428409570398.2363,206322.94689137206,-3.236973429046793,65.0,-5088.946891373227,0.0
4.907474922321172,4.957047307032758,0,428409570398.2363,0.0,428409570398.2363,0,1,19964.850000000002,0,1000,625,500,9571590429601.764,10447584519572.951,60,10000000000000.0,4496,-3.236973429046793,60,-3.236973429046793,-3.236973429046793,4.957047307032758,0,4.496235768028057,4.763350916519252,85,4.754958428332724,4.716687867045545,4.716687867045545,85,428409570398.2363,0,3.953050492941718,0,0,0,4.7995268530304696,4.7995268530304696,19964.850000000002,19964.850000000002,,10000000,89,999985123.0968914,999959910.75,4969.239960195622,201233.99999999884,19964.850000000002,0.0,0.0,1000000000.0,999980034.15,428409570398.2363,206322.94689137206,-3.236973429046793,65.0,-5088.946891373227,0.0
4.907474922321172,4.957047307032758,0,428409570398.2363,0.0,428409570398.2363,0,1,19964.850000000002,0,1000,625,500,9571590429601.764,10447584519572.951,60,10000000000000.0,4496,-3.236973429046793,60,-3.236973429046793,-3.236973429046793,4.957047307032758,0,4.496235768028057,4.763350916519252,85,4.754958428332724,4.716687867045545,4.716687867045545,85,428409570398.2363,0,3.953050492941718,0,0,0,4.7995268530304696,4.7995268530304696,19964.850000000002,19964.850000000002,,10000000,90,999985123.0968914,999959910.75,4969.239960195622,201233.99999999884,19964.850000000002,0.0,0.0,1000000000.0,999980034.15,428409570398.2363,206322.94689137206,-3.236973429046793,65.0,-5088.946891373227,0.0
4.850594800820504,4.802567599848494,0,372452881015.63477,0.0,372452881015.63477,0,1,20237.86,0,1000,625,500,9627547118984.365,10386861654804.268,60,10000000000000.0,4496,-3.236973429046793,60,-3.236973429046793,-3.236973429046793,4.802567599848494,0,4.496235768028057,4.782720555570603,91,4.770210077731568,4.724971765644038,4.724971765644038,91,372452881015.63477,0,4.009930614442386,0,0,0,4.907474922321172,4.907474922321172,20237.86,20237.86,,10000000,91,999985202.2280203,999962367.8400002,5749.223903112162,173932.9999999987,20237.86,0.0,0.0,1000000000.0,999979761.1400001,372452881015.63477,179374.08802024205,-3.236973429046793,65.0,-5441.088020243362,0.0
4.850594800820504,4.802567599848494,0,372452881015.63477,0.0,372452881015.63477,0,1,20237.86,0,1000,625,500,9627547118984.365,10386861654804.268,60,10000000000000.0,4496,-3.236973429046793,60,-3.236973429046793,-3.236973429046793,4.802567599848494,0,4.496235768028057,4.782720555570603,91,4.770210077731568,4.724971765644038,4.724971765644038,91,372452881015.63477,0,4.009930614442386,0,0,0,4.907474922321172,4.907474922321172,20237.86,20237.86,,10000000,92,999985202.2280203,999962367.8400002,5749.223903112162,173932.9999999987,20237.86,0.0,0.0,1000000000.0,999979761.1400001,372452881015.63477,179374.08802024205,-3.236973429046793,65.0,-5441.088020243362,0.0
4.787532658703067,4.74013007623749,0,309252529972.66406,0.0,309252529972.66406,0,1,20542.420000000002,0,1000,625,500,9690747470027.336,10319121441281.137,60,10000000000000.0,4496,-3.236973429046793,60,-3.236973429046793,-3.236973429046793,4.74013007623749,0,4.496235768028057,4.783382123713199,93,4.7728895685012,4.731055204199943,4.731055204199943,93,309252529972.66406,0,4.072992756559823,0,0,0,4.850594800820504,4.850594800820504,20542.420000000002,20542.420000000002,,10000000,93,999984916.2465136,999965108.8800001,6969.6150364170335,143476.99999999907,20542.420000000002,0.0,0.0,1000000000.0,999979456.5800002,309252529972.66406,148936.66651344977,-3.236973429046793,65.0,-5459.666513450706,0.0
4.787532658703067,4.782637256457813,0,309252529972.66406,0.0,309252529972.66406,0,1,20542.420000000002,0,1000,625,500,9690747470027.336,10319121441281.137,60,10000000000000.0,4496,-3.236973429046793,60,-3.236973429046793,-3.236973429046793,4.74013007623749,0,4.496235768028057,4.783382123713199,93,4.7728895685012,4.731055204199943,4.731055204199943,93,309252529972.66406,0,4.072992756559823,0,0,0,4.850594800820504,4.850594800820504,20542.420000000002,20542.420000000002,,10000000,94,999984916.2465136,999965108.8800001,6969.6150364170335,143476.99999999907,20542.420000000002,0.0,0.0,1000000000.0,999979456.5800002,309252529972.66406,148936.66651344977,-3.236973429046793,65.0,-5459.666513450706,0.0
4.787532658703067,4.782637256457813,0,309252529972.66406,0.0,309252529972.66406,0,1,20542.420000000002,0,1000,625,500,9690747470027.336,10319121441281.137,60,10000000000000.0,4496,-3.236973429046793,60,-3.236973429046793,-3.236973429046793,4.74013007623749,0,4.496235768028057,4.783382123713199,93,4.7728895685012,4.731055204199943,4.731055204199943,93,309252529972.66406,0,4.072992756559823,0,0,0,4.850594800820504,4.850594800820504,20542.420000000002,20542.420000000002,,10000000,95,999984916.2465136,999965108.8800001,6969.6150364170335,143476.99999999907,20542.420000000002,0.0,0.0,1000000000.0,999979456.5800002,309252529972.66406,148936.66651344977,-3.236973429046793,65.0,-5459.666513450706,0.0
4.787532658703067,4.822805489554595,0,309252529972.66406,0.0,309252529972.66406,0,1,20542.420000000002,0,1000,625,500,9690747470027.336,10319121441281.137,60,10000000000000.0,4496,-3.236973429046793,60,-3.236973429046793,-3.236973429046793,4.74013007623749,0,4.496235768028057,4.783382123713199,93,4.7728895685012,4.731055204199943,4.731055204199943,93,309252529972.66406,0,4.072992756559823,0,0,0,4.850594800820504,4.850594800820504,20542.420000000002,20542.420000000002,,10000000,96,999984916.2465136,999965108.8800001,6969.6150364170335,143476.99999999907,20542.420000000002,0.0,0.0,1000000000.0,999979456.5800002,309252529972.66406,148936.66651344977,-3.236973429046793,65.0,-5459.666513450706,0.0
4.787532658703067,4.822805489554595,0,309252529972.66406,0.0,309252529972.66406,0,1,20542.420000000002,0,1000,625,500,9690747470027.336,10319121441281.137,60,10000000000000.0,4496,-3.236973429046793,60,-3.236973429046793,-3.236973429046793,4.74013007623749,0,4.496235768028057,4.783382123713199,93,4.7728895685012,4.731055204199943,4.731055204199943,93,309252529972.66406,0,4.072992756559823,0,0,0,4.850594800820504,4.850594800820504,20542.420000000002,20542.420000000002,,10000000,97,999984916.2465136,999965108.8800001,6969.6150364170335,143476.99999999907,20542.420000000002,0.0,0.0,1000000000.0,999979456.5800002,309252529972.66406,148936.66651344977,-3.236973429046793,65.0,-5459.666513450706,0.0
4.787532658703067,4.822805489554595,0,309252529972.66406,0.0,309252529972.66406,0,1,20542.420000000002,0,1000,625,500,9690747470027.336,10319121441281.137,60,10000000000000.0,4496,-3.236973429046793,60,-3.236973429046793,-3.236973429046793,4.74013007623749,0,4.496235768028057,4.783382123713199,93,4.7728895685012,4.731055204199943,4.731055204199943,93,309252529972.66406,0,4.072992756559823,0,0,0,4.850594800820504,4.850594800820504,20542.420000000002,20542.420000000002,,10000000,98,999984916.2465136,999965108.8800001,6969.6150364170335,143476.99999999907,20542.420000000002,0.0,0.0,1000000000.0,999979456.5800002,309252529972.66406,148936.66651344977,-3.236973429046793,65.0,-5459.666513450706,0.0
4.787532658703067,4.822805489554595,0,309252529972.66406,0.0,309252529972.66406,0,1,20542.420000000002,0,1000,625,500,9690747470027.336,10319121441281.137,60,10000000000000.0,4496,-3.236973429046793,60,-3.236973429046793,-3.236973429046793,4.74013007623749,0,4.496235768028057,4.783382123713199,93,4.7728895685012,4.731055204199943,4.731055204199943,93,309252529972.66406,0,4.072992756559823,0,0,0,4.850594800820504,4.850594800820504,20542.420000000002,20542.420000000002,,10000000,99,999984916.2465136,999965108.8800001,6969.6150364170335,143476.99999999907,20542.420000000002,0.0,0.0,1000000000.0,999979456.5800002,309252529972.66406,148936.66651344977,-3.236973429046793,65.0,-5459.666513450706,0.0
4.754634224439723,4.707557159853016,0,275784041947.3594,0.0,275784041947.3594,0,1,20702.100000000002,0,1000,625,500,9724215958052.64,10283605427046.262,60,10000000000000.0,4496,-3.236973429046793,60,-3.236973429046793,-3.236973429046793,4.707557159853016,0,4.496235768028057,4.778336051507699,100,4.774597929024751,4.745001490472342,4.745001490472342,100,275784041947.3594,0,4.105891190823167,0,0,0,4.787532658703067,4.787532658703067,20702.100000000002,20702.100000000002,,10000000,100,999984606.0725431,999966546.0000002,7842.42129496746,127508.99999999927,20702.100000000002,0.0,0.0,1000000000.0,999979296.9000002,275784041947.3594,132818.17254292412,-3.236973429046793,65.0,-5309.172542924847,0.0
4.754634224439723,4.707557159853016,0,275784041947.3594,0.0,275784041947.3594,0,1,20702.100000000002,0,1000,625,500,9724215958052.64,10283605427046.262,60,10000000000000.0,4496,-3.236973429046793,60,-3.236973429046793,-3.236973429046793,4.707557159853016,0,4.496235768028057,4.778336051507699,100,4.774597929024751,4.745001490472342,4.745001490472342,100,275784041947.3594,0,4.105891190823167,0,0,0,4.787532658703067,4.787532658703067,20702.100000000002,20702.100000000002,,10000000,101,999984606.0725431,999966546.0000002,7842.42129496746,127508.99999999927,20702.100000000002,0.0,0.0,1000000000.0,999979296.9000002,275784041947.3594,132818.17254292412,-3.236973429046793,65.0,-5309.172542924847,0.0
